id;title;description;due_date;done
1;acidly among bravely;too minus abaft;2023-12-16;false
2;upside-down;excepting bunch;2023-12-16;true
3;supposing lazily;boohoo;2023-12-15;true
4;zowie yellowish intend;hen;2023-12-15;false
5;lest;pish phooey;2023-12-15;false
6;earthworm inasmuch unique;silently;2023-12-16;false
7;fatally with;where;2023-12-15;false
8;dimpled spherical;emboss how natter;2023-12-15;true
9;frail boxspring;vestment;2023-12-15;false
10;yet ratio;flow mutton texture;2023-12-15;false
